{
  "experiment": "Variable Gap Length Sweep (WM + XOR)",
  "total_time_s": 3169.1,
  "branch": "B_matched",
  "grid": {
    "unified_inc": [0.1710000000],
    "unified_tau": [3469.5000000000, 5000.0000000000, 7200.0000000000, 10380.0000000000],
    "gap_lengths_ms": [1500.0000000000, 2000.0000000000, 3000.0000000000],
    "n_inc": 1, "n_tau": 4, "n_gaps": 3
  },
  "rate_matching": {"target_rate_hz": 20.0, "tolerance_hz": 2.0},
  "grid_results": [
    {"branch": "B_matched", "point_id": "inc0.1710_tau3469.5", "inc_idx": 0, "tau_idx": 0, "adapt_inc": 0.1710000000, "adapt_tau": 3469.5000000000, "gap_ms": 1500.0000000000, "tonic_conductance": 0.6250000000, "tonic_reversal": -80.0000000000, "calibration_rate_hz": 19.7309250161, "wm_accuracy": 0.7382400000, "wm_accuracy_std": 0.007073, "wm_per_repeat": [0.736800, 0.748000, 0.744000, 0.734400, 0.728000], "xor_accuracy": 0.6101600000, "xor_accuracy_std": 0.006800, "xor_per_repeat": [0.598000, 0.612400, 0.616800, 0.608000, 0.615600], "firing_rate_hz": 9.942672, "firing_rate_std": 1.979281, "n_reservoir": 604, "sim_time_s": 196.353705, "isi_cv_mean": 1.849474, "adapt_at_b_onset_mean": 1.503642},
    {"branch": "B_matched", "point_id": "inc0.1710_tau3469.5", "inc_idx": 0, "tau_idx": 0, "adapt_inc": 0.1710000000, "adapt_tau": 3469.5000000000, "gap_ms": 2000.0000000000, "tonic_conductance": 0.6250000000, "tonic_reversal": -80.0000000000, "calibration_rate_hz": 19.7309250161, "wm_accuracy": 0.7011200000, "wm_accuracy_std": 0.008010, "wm_per_repeat": [0.700000, 0.699200, 0.704000, 0.688800, 0.713600], "xor_accuracy": 0.6067200000, "xor_accuracy_std": 0.008992, "xor_per_repeat": [0.601600, 0.614000, 0.604000, 0.619600, 0.594400], "firing_rate_hz": 8.520051, "firing_rate_std": 1.821901, "n_reservoir": 604, "sim_time_s": 239.333916, "isi_cv_mean": 1.872534, "adapt_at_b_onset_mean": 1.375489},
    {"branch": "B_matched", "point_id": "inc0.1710_tau3469.5", "inc_idx": 0, "tau_idx": 0, "adapt_inc": 0.1710000000, "adapt_tau": 3469.5000000000, "gap_ms": 3000.0000000000, "tonic_conductance": 0.6250000000, "tonic_reversal": -80.0000000000, "calibration_rate_hz": 19.7309250161, "wm_accuracy": 0.6379200000, "wm_accuracy_std": 0.005224, "wm_per_repeat": [0.632000, 0.639200, 0.634400, 0.636800, 0.647200], "xor_accuracy": 0.5911200000, "xor_accuracy_std": 0.002077, "xor_per_repeat": [0.592400, 0.590400, 0.594400, 0.588400, 0.590000], "firing_rate_hz": 6.715267, "firing_rate_std": 1.610408, "n_reservoir": 604, "sim_time_s": 318.207091, "isi_cv_mean": 1.893162, "adapt_at_b_onset_mean": 1.180044},
    {"branch": "B_matched", "point_id": "inc0.1710_tau5000.0", "inc_idx": 0, "tau_idx": 1, "adapt_inc": 0.1710000000, "adapt_tau": 5000.0000000000, "gap_ms": 1500.0000000000, "tonic_conductance": 0.6250000000, "tonic_reversal": -80.0000000000, "calibration_rate_hz": 19.6107471789, "wm_accuracy": 0.7486400000, "wm_accuracy_std": 0.008243, "wm_per_repeat": [0.736000, 0.756000, 0.759200, 0.746400, 0.745600], "xor_accuracy": 0.6246400000, "xor_accuracy_std": 0.001305, "xor_per_repeat": [0.622400, 0.625200, 0.624000, 0.625600, 0.626000], "firing_rate_hz": 9.771541, "firing_rate_std": 1.943834, "n_reservoir": 604, "sim_time_s": 205.076476, "isi_cv_mean": 1.800865, "adapt_at_b_onset_mean": 1.749911},
    {"branch": "B_matched", "point_id": "inc0.1710_tau5000.0", "inc_idx": 0, "tau_idx": 1, "adapt_inc": 0.1710000000, "adapt_tau": 5000.0000000000, "gap_ms": 2000.0000000000, "tonic_conductance": 0.6250000000, "tonic_reversal": -80.0000000000, "calibration_rate_hz": 19.6107471789, "wm_accuracy": 0.7440000000, "wm_accuracy_std": 0.008268, "wm_per_repeat": [0.736000, 0.743200, 0.756000, 0.734400, 0.750400], "xor_accuracy": 0.6201600000, "xor_accuracy_std": 0.003333, "xor_per_repeat": [0.622800, 0.614800, 0.618800, 0.624400, 0.620000], "firing_rate_hz": 8.348186, "firing_rate_std": 1.781378, "n_reservoir": 604, "sim_time_s": 245.143949, "isi_cv_mean": 1.828319, "adapt_at_b_onset_mean": 1.660220},
    {"branch": "B_matched", "point_id": "inc0.1710_tau5000.0", "inc_idx": 0, "tau_idx": 1, "adapt_inc": 0.1710000000, "adapt_tau": 5000.0000000000, "gap_ms": 3000.0000000000, "tonic_conductance": 0.6250000000, "tonic_reversal": -80.0000000000, "calibration_rate_hz": 19.6107471789, "wm_accuracy": 0.7148800000, "wm_accuracy_std": 0.007532, "wm_per_repeat": [0.703200, 0.720800, 0.722400, 0.708800, 0.719200], "xor_accuracy": 0.6084000000, "xor_accuracy_std": 0.007602, "xor_per_repeat": [0.617600, 0.612800, 0.608400, 0.608400, 0.594800], "firing_rate_hz": 6.552764, "firing_rate_std": 1.575215, "n_reservoir": 604, "sim_time_s": 318.502909, "isi_cv_mean": 1.865055, "adapt_at_b_onset_mean": 1.507889},
    {"branch": "B_matched", "point_id": "inc0.1710_tau7200.0", "inc_idx": 0, "tau_idx": 2, "adapt_inc": 0.1710000000, "adapt_tau": 7200.0000000000, "gap_ms": 1500.0000000000, "tonic_conductance": 0.0000000000, "tonic_reversal": 0.0000000000, "calibration_rate_hz": 21.9068156653, "wm_accuracy": 0.7801600000, "wm_accuracy_std": 0.007958, "wm_per_repeat": [0.780800, 0.765600, 0.789600, 0.780800, 0.784000], "xor_accuracy": 0.6342400000, "xor_accuracy_std": 0.005500, "xor_per_repeat": [0.624000, 0.640400, 0.635600, 0.636800, 0.634400], "firing_rate_hz": 10.847533, "firing_rate_std": 1.880994, "n_reservoir": 604, "sim_time_s": 201.947374, "isi_cv_mean": 1.795097, "adapt_at_b_onset_mean": 2.194271},
    {"branch": "B_matched", "point_id": "inc0.1710_tau7200.0", "inc_idx": 0, "tau_idx": 2, "adapt_inc": 0.1710000000, "adapt_tau": 7200.0000000000, "gap_ms": 2000.0000000000, "tonic_conductance": 0.0000000000, "tonic_reversal": 0.0000000000, "calibration_rate_hz": 21.9068156653, "wm_accuracy": 0.7756800000, "wm_accuracy_std": 0.008089, "wm_per_repeat": [0.773600, 0.775200, 0.790400, 0.765600, 0.773600], "xor_accuracy": 0.6384000000, "xor_accuracy_std": 0.008306, "xor_per_repeat": [0.624000, 0.642000, 0.636400, 0.640400, 0.649200], "firing_rate_hz": 9.236827, "firing_rate_std": 1.715696, "n_reservoir": 604, "sim_time_s": 239.644769, "isi_cv_mean": 1.828228, "adapt_at_b_onset_mean": 2.112544},
    {"branch": "B_matched", "point_id": "inc0.1710_tau7200.0", "inc_idx": 0, "tau_idx": 2, "adapt_inc": 0.1710000000, "adapt_tau": 7200.0000000000, "gap_ms": 3000.0000000000, "tonic_conductance": 0.0000000000, "tonic_reversal": 0.0000000000, "calibration_rate_hz": 21.9068156653, "wm_accuracy": 0.7446400000, "wm_accuracy_std": 0.005316, "wm_per_repeat": [0.748000, 0.736000, 0.751200, 0.741600, 0.746400], "xor_accuracy": 0.6225600000, "xor_accuracy_std": 0.005089, "xor_per_repeat": [0.624800, 0.613600, 0.621200, 0.628800, 0.624400], "firing_rate_hz": 7.222194, "firing_rate_std": 1.525871, "n_reservoir": 604, "sim_time_s": 316.991985, "isi_cv_mean": 1.882357, "adapt_at_b_onset_mean": 1.982895},
    {"branch": "B_matched", "point_id": "inc0.1710_tau10380.0", "inc_idx": 0, "tau_idx": 3, "adapt_inc": 0.1710000000, "adapt_tau": 10380.0000000000, "gap_ms": 1500.0000000000, "tonic_conductance": 0.0000000000, "tonic_reversal": 0.0000000000, "calibration_rate_hz": 21.8485786430, "wm_accuracy": 0.7953600000, "wm_accuracy_std": 0.005974, "wm_per_repeat": [0.788800, 0.788000, 0.800800, 0.796800, 0.802400], "xor_accuracy": 0.6534400000, "xor_accuracy_std": 0.002957, "xor_per_repeat": [0.650800, 0.654400, 0.651200, 0.652000, 0.658800], "firing_rate_hz": 10.740592, "firing_rate_std": 1.855069, "n_reservoir": 604, "sim_time_s": 209.220690, "isi_cv_mean": 1.758229, "adapt_at_b_onset_mean": 2.328382},
    {"branch": "B_matched", "point_id": "inc0.1710_tau10380.0", "inc_idx": 0, "tau_idx": 3, "adapt_inc": 0.1710000000, "adapt_tau": 10380.0000000000, "gap_ms": 2000.0000000000, "tonic_conductance": 0.0000000000, "tonic_reversal": 0.0000000000, "calibration_rate_hz": 21.8485786430, "wm_accuracy": 0.7918400000, "wm_accuracy_std": 0.006468, "wm_per_repeat": [0.780000, 0.790400, 0.796000, 0.798400, 0.794400], "xor_accuracy": 0.6293600000, "xor_accuracy_std": 0.006922,