{
  "within_regime_dominant": {
    "n": 122,
    "g_levels": [
      1.41,
      2.81
    ],
    "bivariate": {
      "acc_isi_cv": {
        "r": 0.6654534060885807,
        "p": 6.213010242521346e-17
      },
      "acc_pr": {
        "r": 0.6811059776823867,
        "p": 6.0075303159748966e-18
      },
      "acc_rate": {
        "r": 0.5589696634272501,
        "p": 2.212638460026694e-11
      },
      "acc_g_tonic": {
        "r": -0.4449738126357136,
        "p": 2.8191581708811625e-07
      }
    },
    "partial": {
      "acc_isi_cv_given_rate": {
        "r": 0.49204247614498814,
        "p": 8.618688100607909e-09
      },
      "acc_rate_given_isi_cv": {
        "r": 0.25446911650388976,
        "p": 0.004676872964496431
      }
    },
    "ols_acc_dynamics": {
      "r2": 0.6235273304057724,
      "n": 122,
      "dof": 118,
      "coefficients": {
        "ISI_CV": {
          "beta_std": -0.012294912900033742,
          "t": -0.1155652446490875,
          "p": 0.9081935434914093
        },
        "PR": {
          "beta_std": 0.5839198486427662,
          "t": 6.732680452899432,
          "p": 6.379148315929503e-10
        },
        "rate": {
          "beta_std": 0.4186232956549233,
          "t": 5.48398854282995,
          "p": 2.4031446790403103e-07
        }
      }
    }
  },
  "full_branch_regression": {
    "without_g_tonic": {
      "r2": 0.7850926218666461,
      "n": 285,
      "dof": 281,
      "coefficients": {
        "ISI_CV": {
          "beta_std": 0.5221894840241866,
          "t": 11.398165106875272,
          "p": 5.427464116722214e-25
        },
        "PR": {
          "beta_std": -0.513605041659553,
          "t": -11.306274332143229,
          "p": 1.1157032471162533e-24
        },
        "rate": {
          "beta_std": -0.09027296172895875,
          "t": -2.0232090785864383,
          "p": 0.04399819518487201
        }
      }
    },
    "with_g_tonic": {
      "r2": 0.7860486075006151,
      "n": 285,
      "dof": 280,
      "coefficients": {
        "ISI_CV": {
          "beta_std": 0.5123186584384375,
          "t": 10.98557410275928,
          "p": 1.3965884927322964e-23
        },
        "PR": {
          "beta_std": -0.4913662356278705,
          "t": -9.912883751691165,
          "p": 4.7534373105993606e-20
        },
        "rate": {
          "beta_std": -0.060199609851734316,
          "t": -1.1559896073058646,
          "p": 0.24867081224726778
        },
        "g_tonic": {
          "beta_std": 0.05422063692704786,
          "t": 1.118528720446198,
          "p": 0.26429993890284936
        }
      }
    },
    "delta_r2": 0.0009559856339690365
  },
  "bsa_within_regime": {
    "n_bsa_exceeding_total": 39,
    "n_bsa_exceeding_dominant": 33,
    "acc_isi_cv": {
      "r": 0.24483688956021188,
      "p": 0.1696729010984164
    },
    "acc_adapt_tau": {
      "r": 0.5841403263398873,
      "p": 0.00035818642568975507
    },
    "acc_range": [
      0.954691689,
      0.9632707775
    ]
  },
  "cross_regime": {
    "per_regime": [
      {
        "g_tonic": 0.0,
        "n": 51,
        "acc_isi_cv": {
          "r": 0.06693592133235174,
          "p": 0.640720640160989
        },
        "acc_pr": {
          "r": -0.6571826789573751,
          "p": 1.6217006843343008e-07
        },
        "acc_rate": {
          "r": 0.2034775674626476,
          "p": 0.15210736924803933
        },
        "mean_acc": 0.9376991010862745,
        "mean_rate": 16.721432745098035
      },
      {
        "g_tonic": 0.08,
        "n": 11,
        "acc_isi_cv": {
          "r": 0.47809135462038344,
          "p": 0.1369042092373193
        },
        "acc_pr": {
          "r": 0.040250762302562026,
          "p": 0.9064647092134229
        },
        "acc_rate": {
          "r": 0.21312332468378287,
          "p": 0.5292172912505123
        },
        "mean_acc": 0.9071898610636363,
        "mean_rate": 17.169645272727276
      },
      {
        "g_tonic": 0.16,
        "n": 10,
        "acc_isi_cv": {
          "r": 0.2022644491495126,
          "p": 0.575207697671168
        },
        "acc_pr": {
          "r": -0.025971286622528643,
          "p": 0.9432261152682226
        },
        "acc_rate": {
          "r": -0.20965765845584905,
          "p": 0.5610072765212762
        },
        "mean_acc": 0.92269436998,
        "mean_rate": 15.803291000000002
      },
      {
        "g_tonic": 0.31,
        "n": 24,
        "acc_isi_cv": {
          "r": 0.7748247098528229,
          "p": 8.783473635634255e-06
        },
        "acc_pr": {
          "r": -0.22027570856963002,
          "p": 0.3009995935589849
        },
        "acc_rate": {
          "r": 0.5356549379578344,
          "p": 0.0069828371201050244
        },
        "mean_acc": 0.92273793565,
        "mean_rate": 14.443022333333333
      },
      {
        "g_tonic": 0.46,
        "n": 5,
        "acc_isi_cv": {
          "r": -0.7829529419771992,
          "p": 0.11735296830827274
        },
        "acc_pr": {
          "r": -0.21159039574777672,
          "p": 0.7326186958981981
        },
        "acc_rate": {
          "r": 0.8376823400165234,
          "p": 0.07656236466368718
        },
        "mean_acc": 0.90560321716,
        "mean_rate": 12.3678518
      },
      {
        "g_tonic": 0.7,
        "n": 15,
        "acc_isi_cv": {
          "r": 0.7563219537867691,
          "p": 0.0011026959703178856
        },
        "acc_pr": {
          "r": 0.8522150366867776,
          "p": 5.473848787194798e-05
        },
        "acc_rate": {
          "r": 0.8561517645131477,
          "p": 4.638731976962603e-05
        },
        "mean_acc": 0.9499642537999999,
        "mean_rate": 15.625576933333337
      },
      {
        "g_tonic": 1.41,
        "n": 51,
        "acc_isi_cv": {
          "r": 0.7788615457344453,
          "p": 1.700434504155823e-11
        },
        "acc_pr": {
          "r": 0.7198917053098098,
          "p": 2.624371079295917e-09
        },
        "acc_rate": {
          "r": 0.26994159604030593,
          "p": 0.05540233892195611
        },
        "mean_acc": 0.9545129579941177,
        "mean_rate": 15.497543823529414
      },
      {
        "g_tonic": 2.81,
        "n": 71,
        "acc_isi_cv": {
          "r": 0.20885584451256234,
          "p": 0.08047334476329025
        },
        "acc_pr": {
          "r": 0.06500822028493858,
          "p": 0.5901515841203682
        },
        "acc_rate": {
          "r": 0.6150284634086305,
          "p": 1.1534701746775048e-08
        },
        "mean_acc": 0.950186912356338,
        "mean_rate": 14.429394676056338
      },
      {
        "g_tonic": 3.75,
        "n": 45,
        "acc_isi_cv": {
          "r": 0.0978895815443015,
          "p": 0.5223521118874038
        },
        "acc_pr": {
          "r": 0.13770612540258448,
          "p": 0.36701757113409855
        },
        "acc_rate": {
          "r": 0.05352945011628242,
          "p": 0.7269149461403887
        },
        "mean_acc": 0.9471105153422221,
        "mean_rate": 13.277314644444447
      }
    ],
    "isi_cv_sign_consistent": false,
    "pr_sign_consistent": false
  },
  "mediation": {
    "ols_acc_dynamics_gtonic": {
      "r2": 0.7850275153318091,
      "n": 285,
      "dof": 281,
      "coefficients": {
        "ISI_CV": {
          "beta_std": 0.47368169055996234,
          "t": 14.555694239625971,
          "p": 3.741771581443765e-36
        },
        "PR": {
          "beta_std": -0.5123480064957407,
          "t": -11.100978829581312,
          "p": 5.538459768362349e-24
        },
        "g_tonic": {
          "beta_std": 0.08315183066312103,
          "t": 2.0017571377153014,
          "p": 0.046271983483604964
        }
      }
    },
    "direct_g_acc": {
      "r": 0.5137506525736082,
      "p": 1.3458673088908134e-20
    },
    "partial_g_acc_given_dynamics": {
      "r": 0.11857239668250177,
      "p": 0.04550070044474118
    },
    "g_to_isi_cv": {
      "r": 0.13515791572248487,